temp,humid,wall,x,y,action,label
8.834522085987723,8.770580193070293,0.0,4.0,17.0,3.0,0.0
9.70142500145332,10.0,0.0,1.0,16.0,3.0,1.0
5.714285714285714,10.0,0.0,17.0,2.0,3.0,3.0
80.0,27.735009811261456,0.0,3.0,9.0,2.0,2.0
