temp,humid,wall,x,y,action,label
40.0,50.0,0.0,3.0,6.0,1.0,0.0
35.77708763999664,33.333333333333336,0.0,4.0,6.0,1.0,1.0
35.77708763999664,100.0,0.0,1.0,7.0,2.0,3.0
80.0,44.72135954999579,0.0,2.0,8.0,1.0,2.0
